{"cameraMode":{"drawMode":0,"name":"Shaded","section":"Shading Mode"},"sceneLighting":false,"audioPlay":false,"sceneViewState":{"m_AlwaysRefresh":false,"showFog":true,"showSkybox":false,"showFlares":true,"showImageEffects":true,"showParticleSystems":true,"showVisualEffectGraphs":true,"m_FxEnabled":true},"in2DMode":false,"pivot":{"x":-0.02254509925842285,"y":5.2054948806762699,"z":0.283886194229126},"rotation":{"x":-0.13025277853012086,"y":-0.6733994483947754,"z":0.12242594361305237,"w":-0.7175229787826538},"size":7.372218608856201,"orthographic":true}