{"cameraMode":{"drawMode":0,"name":"Shaded","section":"Shading Mode"},"sceneLighting":false,"audioPlay":false,"sceneViewState":{"m_AlwaysRefresh":false,"showFog":true,"showSkybox":false,"showFlares":true,"showImageEffects":true,"showParticleSystems":true,"showVisualEffectGraphs":true,"m_FxEnabled":true},"in2DMode":false,"pivot":{"x":3.760000228881836,"y":-4.880000114440918,"z":3.4599997997283937},"rotation":{"x":-0.005780679639428854,"y":-0.9932375550270081,"z":0.050656747072935107,"w":-0.10507172346115112},"size":2.1213204860687258,"orthographic":true}