{"cameraMode":{"drawMode":0,"name":"Shaded","section":"Shading Mode"},"sceneLighting":false,"audioPlay":false,"sceneViewState":{"m_AlwaysRefresh":false,"showFog":true,"showSkybox":false,"showFlares":true,"showImageEffects":true,"showParticleSystems":true,"showVisualEffectGraphs":true,"m_FxEnabled":true},"in2DMode":false,"pivot":{"x":0.5709524154663086,"y":10.357717514038086,"z":-0.6528253555297852},"rotation":{"x":-0.18499691784381867,"y":-0.7673875689506531,"z":0.25189411640167239,"w":-0.5606776475906372},"size":34.28709030151367,"orthographic":true}