{"cameraMode":{"drawMode":0,"name":"Shaded","section":"Shading Mode"},"sceneLighting":true,"audioPlay":false,"sceneViewState":{"m_AlwaysRefresh":false,"showFog":true,"showSkybox":true,"showFlares":true,"showImageEffects":true,"showParticleSystems":true,"showVisualEffectGraphs":true,"m_FxEnabled":true},"in2DMode":false,"pivot":{"x":-90.01820373535156,"y":1.2071269750595093,"z":15.986817359924317},"rotation":{"x":0.0598953515291214,"y":-0.8682125806808472,"z":0.48057764768600466,"w":0.10894114524126053},"size":175.53811645507813,"orthographic":true}