{"cameraMode":{"drawMode":0,"name":"Shaded","section":"Shading Mode"},"sceneLighting":false,"audioPlay":false,"sceneViewState":{"m_AlwaysRefresh":false,"showFog":true,"showSkybox":false,"showFlares":true,"showImageEffects":true,"showParticleSystems":true,"showVisualEffectGraphs":true,"m_FxEnabled":true},"in2DMode":false,"pivot":{"x":1.4400310516357422,"y":6.143163204193115,"z":-0.12961578369140626},"rotation":{"x":-0.18499691784381867,"y":-0.7673875689506531,"z":0.25189411640167239,"w":-0.5606776475906372},"size":33.51063919067383,"orthographic":true}