{"cameraMode":{"drawMode":0,"name":"Shaded","section":"Shading Mode"},"sceneLighting":false,"audioPlay":false,"sceneViewState":{"m_AlwaysRefresh":false,"showFog":true,"showSkybox":false,"showFlares":true,"showImageEffects":true,"showParticleSystems":true,"showVisualEffectGraphs":true,"m_FxEnabled":true},"in2DMode":false,"pivot":{"x":-15.770912170410157,"y":1.3323280811309815,"z":51.603973388671878},"rotation":{"x":0.2062554508447647,"y":0.08262431621551514,"z":-0.017491577193140985,"w":0.9748652577400208},"size":3.5489604473114015,"orthographic":true}