{"cameraMode":{"drawMode":0,"name":"Shaded","section":"Shading Mode"},"sceneLighting":false,"audioPlay":false,"sceneViewState":{"m_AlwaysRefresh":false,"showFog":true,"showSkybox":false,"showFlares":true,"showImageEffects":true,"showParticleSystems":true,"showVisualEffectGraphs":true,"m_FxEnabled":true},"in2DMode":false,"pivot":{"x":-0.000011444091796875,"y":7.075103759765625,"z":0.000370025634765625},"rotation":{"x":0.04112697392702103,"y":-0.9521157145500183,"z":0.26571014523506167,"w":0.14851114153862},"size":32.59688949584961,"orthographic":true}