{"cameraMode":{"drawMode":0,"name":"Shaded","section":"Shading Mode"},"sceneLighting":false,"audioPlay":false,"sceneViewState":{"m_AlwaysRefresh":false,"showFog":true,"showSkybox":false,"showFlares":true,"showImageEffects":true,"showParticleSystems":true,"showVisualEffectGraphs":true,"m_FxEnabled":true},"in2DMode":false,"pivot":{"x":-98.99085998535156,"y":1.4740997552871705,"z":-21.767024993896486},"rotation":{"x":-0.0006225410616025329,"y":-0.9992232918739319,"z":0.019489077851176263,"w":-0.03545383736491203},"size":2.800208806991577,"orthographic":true}