{"cameraMode":{"drawMode":0,"name":"Shaded","section":"Shading Mode"},"sceneLighting":false,"audioPlay":false,"sceneViewState":{"m_AlwaysRefresh":false,"showFog":true,"showSkybox":false,"showFlares":true,"showImageEffects":true,"showParticleSystems":true,"showVisualEffectGraphs":true,"m_FxEnabled":true},"in2DMode":false,"pivot":{"x":-99.0379867553711,"y":1.3500747680664063,"z":-14.87326431274414},"rotation":{"x":0.00043974744039587677,"y":-0.9995750784873962,"z":0.014993458054959774,"w":0.026344485580921174},"size":13.487692832946778,"orthographic":true}