{"cameraMode":{"drawMode":0,"name":"Shaded","section":"Shading Mode"},"sceneLighting":false,"audioPlay":false,"sceneViewState":{"m_AlwaysRefresh":false,"showFog":true,"showSkybox":false,"showFlares":true,"showImageEffects":true,"showParticleSystems":true,"showVisualEffectGraphs":true,"m_FxEnabled":true},"in2DMode":false,"pivot":{"x":-7.748603820800781e-7,"y":0.845413327217102,"z":-0.022400587797164918},"rotation":{"x":0.20846235752105714,"y":-0.004713727626949549,"z":0.0009838826954364777,"w":0.978043794631958},"size":1.236994981765747,"orthographic":true}