{"cameraMode":{"drawMode":0,"name":"Shaded","section":"Shading Mode"},"sceneLighting":false,"audioPlay":false,"sceneViewState":{"m_AlwaysRefresh":false,"showFog":true,"showSkybox":false,"showFlares":true,"showImageEffects":true,"showParticleSystems":true,"showVisualEffectGraphs":true,"m_FxEnabled":true},"in2DMode":false,"pivot":{"x":-0.10881805419921875,"y":8.022462844848633,"z":0.0020694732666015627},"rotation":{"x":-0.18499691784381867,"y":-0.7673875689506531,"z":0.25189411640167239,"w":-0.5606776475906372},"size":32.895751953125,"orthographic":true}