{"cameraMode":{"drawMode":0,"name":"Shaded","section":"Shading Mode"},"sceneLighting":false,"audioPlay":false,"sceneViewState":{"m_AlwaysRefresh":false,"showFog":true,"showSkybox":false,"showFlares":true,"showImageEffects":true,"showParticleSystems":true,"showVisualEffectGraphs":true,"m_FxEnabled":true},"in2DMode":false,"pivot":{"x":-0.000002384185791015625,"y":12.401166915893555,"z":0.12447977066040039},"rotation":{"x":0.19738702476024629,"y":0.1728057861328125,"z":-0.0353703536093235,"w":0.9643346667289734},"size":16.345325469970704,"orthographic":true}